"Alpha(0;0)
",SQ01_Polar_Cam-B3LYP_6-31+G_d-p_IEF-PCM.log,Input Orientation, 
Tot(Alpha)(au),320.923,,
Tot(Alpha)(Debye),320.923,,
Tot(Alpha)(SI),320.923,,
"Alpha(0;0)
",SQ01_Polar_Cam-B3LYP_6-31+G_d-p_IEF-PCM.log,Input Orientation, 
Tot(Alpha)(au),320.923,,
Tot(Alpha)(Debye),320.923,,
Tot(Alpha)(SI),320.923,,
"Alpha(-w;w)
",SQ01_Polar_Cam-B3LYP_6-31+G_d-p_IEF-PCM.log,Input Orientation, 
Tot(Alpha)(au),295.9153333333333,,
Tot(Alpha)(Debye),295.9153333333333,,
Tot(Alpha)(SI),295.9153333333333,,
"Alpha(0;0)
",A7_property_B3LYP_def2-TZVP_solvent.log,Input Orientation, 
Tot(Alpha)(au),1237.68,,
Tot(Alpha)(Debye),1237.68,,
Tot(Alpha)(SI),1237.68,,
"Alpha(-w;w)
",A7_property_B3LYP_def2-TZVP_solvent.log,Input Orientation, 
Tot(Alpha)(au),1072.4080000000001,,
Tot(Alpha)(Debye),1072.4080000000001,,
Tot(Alpha)(SI),1072.4080000000001,,
