"Beta(0;0,0)
",SQ01_Polar_Cam-B3LYP_6-31+G_d-p_IEF-PCM.log,Input Orientation,
Tot(t)(au),12135.86726001392,Top(b)(au),6067.93363000696
Tot(t)(esu),104.84435120321086,Top(b)(esu),52.42217560160543
Tot(t)(SI),38.911878736676,Top(b)(SI),19.455939368338
"Beta(0;0,0)
",SQ01_Polar_Cam-B3LYP_6-31+G_d-p_IEF-PCM.log,Input Orientation,
Tot(t)(au),12135.86726001392,Top(b)(au),6067.93363000696
Tot(t)(esu),104.84435120321086,Top(b)(esu),52.42217560160543
Tot(t)(SI),38.911878736676,Top(b)(SI),19.455939368338
"Beta(0;0,0)
",SQ01_Polar_Cam-B3LYP_6-31+G_d-p_IEF-PCM.log,Dipole Orientation,
Tot(t)(au),12135.840679051034,Top(b)(au),6067.920339525517
Tot(t)(esu),104.84435479695372,Top(b)(esu),52.42217739847686
Tot(t)(SI),38.91206694013639,Top(b)(SI),19.456033470068196
"Beta(0;0,0)
",SQ01_Polar_Cam-B3LYP_6-31+G_d-p_IEF-PCM.log,Dipole Orientation,
Tot(t)(au),12135.840679051034,Top(b)(au),6067.920339525517
Tot(t)(esu),104.84435479695372,Top(b)(esu),52.42217739847686
Tot(t)(SI),38.91206694013639,Top(b)(SI),19.456033470068196
"Beta(0;0,0)
",A7_property_B3LYP_def2-TZVP_solvent.log,Input Orientation,
Tot(t)(au),47257.90674728245,Top(b)(au),23628.953373641227
Tot(t)(esu),408.27169850946757,Top(b)(esu),204.13584925473378
Tot(t)(SI),151.52588231853142,Top(b)(SI),75.76294115926571
"Beta(0;0,0)
",A7_property_B3LYP_def2-TZVP_solvent.log,Dipole Orientation,
Tot(t)(au),47257.85350958435,Top(b)(au),23628.926754792174
Tot(t)(esu),408.2724905342059,Top(b)(esu),204.13624526710294
Tot(t)(SI),151.5260781614014,Top(b)(SI),75.7630390807007
