"Beta(-2w;w,w)
",SQ01_Polar_Cam-B3LYP_6-31+G_d-p_IEF-PCM.log,Dipole Orientation, 
Tot(t)(au),13613.960895534978,Top(b)(au),6806.980447767489
Tot(t)(esu),117.61388307066474,Top(b)(esu),58.80694153533237
Tot(t)(SI),43.65139580791076,Top(b)(SI),21.82569790395538
"EletricDipole
",SQ01_Polar_Cam-B3LYP_6-31+G_d-p_IEF-PCM.log,Dipole Orientation, 
Tot(Electric Dipole)(au),1.0470594438827292,,
Tot(Electric Dipole)(Debye),2.661360760306652,,
Tot(Electric Dipole)(SI),8.877355789193311,,
"Beta(-2w;w,w)
",SQ01_Polar_Cam-B3LYP_6-31+G_d-p_IEF-PCM.log,Dipole Orientation, 
Tot(t)(au),13613.947751049292,Top(b)(au),6806.973875524646
Tot(t)(esu),117.61388786565797,Top(b)(esu),58.806943932828986
Tot(t)(SI),43.651294904695675,Top(b)(SI),21.825647452347837
"EletricDipole
",SQ01_Polar_Cam-B3LYP_6-31+G_d-p_IEF-PCM.log,Dipole Orientation, 
Tot(Electric Dipole)(au),1.04706,,
Tot(Electric Dipole)(Debye),2.66137,,
Tot(Electric Dipole)(SI),8.87736,,
"EletricDipole
",A7_property_B3LYP_def2-TZVP_solvent.log,Dipole Orientation, 
Tot(Electric Dipole)(au),3.1327844825823625,,
Tot(Electric Dipole)(Debye),7.962741026970612,,
Tot(Electric Dipole)(SI),26.560831507682963,,
"EletricDipole
",A7_property_B3LYP_def2-TZVP_solvent.log,Dipole Orientation, 
Tot(Electric Dipole)(au),3.13278,,
Tot(Electric Dipole)(Debye),7.96274,,
Tot(Electric Dipole)(SI),26.5609,,
"Beta(-2w;w,w)
",SQ01_Polar_Cam-B3LYP_6-31+G_d-p_IEF-PCM.log,Dipole Orientation, 
Tot(t)(au),13613.960895534978,Top(b)(au),6806.980447767489
Tot(t)(esu),117.61388307066474,Top(b)(esu),58.80694153533237
Tot(t)(SI),43.65139580791076,Top(b)(SI),21.82569790395538
"EletricDipole
",SQ01_Polar_Cam-B3LYP_6-31+G_d-p_IEF-PCM.log,Dipole Orientation, 
Tot(Electric Dipole)(au),1.0470594438827292,,
Tot(Electric Dipole)(Debye),2.661360760306652,,
Tot(Electric Dipole)(SI),8.877355789193311,,
"Alpha(0;0)
",SQ01_Polar_Cam-B3LYP_6-31+G_d-p_IEF-PCM.log,Dipole Orientation, 
Tot(Alpha)(au),320.923,,
Tot(Alpha)(Debye),320.923,,
Tot(Alpha)(SI),320.923,,
"Alpha(0;0)
",SQ01_Polar_Cam-B3LYP_6-31+G_d-p_IEF-PCM.log,Dipole Orientation, 
Tot(Alpha)(au),320.923,,
Tot(Alpha)(Debye),320.923,,
Tot(Alpha)(SI),320.923,,
"Alpha(-w;w)
",SQ01_Polar_Cam-B3LYP_6-31+G_d-p_IEF-PCM.log,Dipole Orientation, 
Tot(Alpha)(au),295.9153333333333,,
Tot(Alpha)(Debye),295.9153333333333,,
Tot(Alpha)(SI),295.9153333333333,,
"Beta(-2w;w,w)
",SQ01_Polar_Cam-B3LYP_6-31+G_d-p_IEF-PCM.log,Dipole Orientation, 
Tot(t)(au),13613.947751049292,Top(b)(au),6806.973875524646
Tot(t)(esu),117.61388786565797,Top(b)(esu),58.806943932828986
Tot(t)(SI),43.651294904695675,Top(b)(SI),21.825647452347837
"EletricDipole
",SQ01_Polar_Cam-B3LYP_6-31+G_d-p_IEF-PCM.log,Dipole Orientation, 
Tot(Electric Dipole)(au),1.04706,,
Tot(Electric Dipole)(Debye),2.66137,,
Tot(Electric Dipole)(SI),8.87736,,
"Alpha(0;0)
",SQ01_Polar_Cam-B3LYP_6-31+G_d-p_IEF-PCM.log,Dipole Orientation, 
Tot(Alpha)(au),320.92333333333335,,
Tot(Alpha)(Debye),320.92333333333335,,
Tot(Alpha)(SI),320.92333333333335,,
"Alpha(0;0)
",SQ01_Polar_Cam-B3LYP_6-31+G_d-p_IEF-PCM.log,Dipole Orientation, 
Tot(Alpha)(au),320.92333333333335,,
Tot(Alpha)(Debye),320.92333333333335,,
Tot(Alpha)(SI),320.92333333333335,,
"Alpha(-w;w)
",SQ01_Polar_Cam-B3LYP_6-31+G_d-p_IEF-PCM.log,Dipole Orientation, 
Tot(Alpha)(au),295.91566666666665,,
Tot(Alpha)(Debye),295.91566666666665,,
Tot(Alpha)(SI),295.91566666666665,,
"EletricDipole
",A7_property_B3LYP_def2-TZVP_solvent.log,Dipole Orientation, 
Tot(Electric Dipole)(au),3.1327844825823625,,
Tot(Electric Dipole)(Debye),7.962741026970612,,
Tot(Electric Dipole)(SI),26.560831507682963,,
"Alpha(0;0)
",A7_property_B3LYP_def2-TZVP_solvent.log,Dipole Orientation, 
Tot(Alpha)(au),1237.68,,
Tot(Alpha)(Debye),1237.68,,
Tot(Alpha)(SI),1237.68,,
"Alpha(-w;w)
",A7_property_B3LYP_def2-TZVP_solvent.log,Dipole Orientation, 
Tot(Alpha)(au),1072.4080000000001,,
Tot(Alpha)(Debye),1072.4080000000001,,
Tot(Alpha)(SI),1072.4080000000001,,
"EletricDipole
",A7_property_B3LYP_def2-TZVP_solvent.log,Dipole Orientation, 
Tot(Electric Dipole)(au),3.13278,,
Tot(Electric Dipole)(Debye),7.96274,,
Tot(Electric Dipole)(SI),26.5609,,
"Alpha(0;0)
",A7_property_B3LYP_def2-TZVP_solvent.log,Dipole Orientation, 
Tot(Alpha)(au),1237.68,,
Tot(Alpha)(Debye),1237.68,,
Tot(Alpha)(SI),1237.68,,
"Alpha(-w;w)
",A7_property_B3LYP_def2-TZVP_solvent.log,Dipole Orientation, 
Tot(Alpha)(au),1072.411,,
Tot(Alpha)(Debye),1072.411,,
Tot(Alpha)(SI),1072.411,,
"Beta(-2w;w,w)
",SQ01_Polar_Cam-B3LYP_6-31+G_d-p_IEF-PCM.log,Dipole Orientation, 
Tot(t)(au),13613.960895534978,Top(b)(au),6806.980447767489
Tot(t)(esu),117.61388307066474,Top(b)(esu),58.80694153533237
Tot(t)(SI),43.65139580791076,Top(b)(SI),21.82569790395538
"EletricDipole
",SQ01_Polar_Cam-B3LYP_6-31+G_d-p_IEF-PCM.log,Dipole Orientation, 
Tot(Electric Dipole)(au),1.0470594438827292,,
Tot(Electric Dipole)(Debye),2.661360760306652,,
Tot(Electric Dipole)(SI),8.877355789193311,,
"Alpha(0;0)
",SQ01_Polar_Cam-B3LYP_6-31+G_d-p_IEF-PCM.log,Dipole Orientation, 
Tot(Alpha)(au),320.923,,
Tot(Alpha)(Debye),320.923,,
Tot(Alpha)(SI),320.923,,
"Alpha(0;0)
",SQ01_Polar_Cam-B3LYP_6-31+G_d-p_IEF-PCM.log,Dipole Orientation, 
Tot(Alpha)(au),320.923,,
Tot(Alpha)(Debye),320.923,,
Tot(Alpha)(SI),320.923,,
"Alpha(-w;w)
",SQ01_Polar_Cam-B3LYP_6-31+G_d-p_IEF-PCM.log,Dipole Orientation, 
Tot(Alpha)(au),295.9153333333333,,
Tot(Alpha)(Debye),295.9153333333333,,
Tot(Alpha)(SI),295.9153333333333,,
"Beta(-2w;w,w)
",SQ01_Polar_Cam-B3LYP_6-31+G_d-p_IEF-PCM.log,Dipole Orientation, 
Tot(t)(au),13613.947751049292,Top(b)(au),6806.973875524646
Tot(t)(esu),117.61388786565797,Top(b)(esu),58.806943932828986
Tot(t)(SI),43.651294904695675,Top(b)(SI),21.825647452347837
"EletricDipole
",SQ01_Polar_Cam-B3LYP_6-31+G_d-p_IEF-PCM.log,Dipole Orientation, 
Tot(Electric Dipole)(au),1.04706,,
Tot(Electric Dipole)(Debye),2.66137,,
Tot(Electric Dipole)(SI),8.87736,,
"Alpha(0;0)
",SQ01_Polar_Cam-B3LYP_6-31+G_d-p_IEF-PCM.log,Dipole Orientation, 
Tot(Alpha)(au),320.92333333333335,,
Tot(Alpha)(Debye),320.92333333333335,,
Tot(Alpha)(SI),320.92333333333335,,
"Alpha(0;0)
",SQ01_Polar_Cam-B3LYP_6-31+G_d-p_IEF-PCM.log,Dipole Orientation, 
Tot(Alpha)(au),320.92333333333335,,
Tot(Alpha)(Debye),320.92333333333335,,
Tot(Alpha)(SI),320.92333333333335,,
"Alpha(-w;w)
",SQ01_Polar_Cam-B3LYP_6-31+G_d-p_IEF-PCM.log,Dipole Orientation, 
Tot(Alpha)(au),295.91566666666665,,
Tot(Alpha)(Debye),295.91566666666665,,
Tot(Alpha)(SI),295.91566666666665,,
"EletricDipole
",A7_property_B3LYP_def2-TZVP_solvent.log,Dipole Orientation, 
Tot(Electric Dipole)(au),3.1327844825823625,,
Tot(Electric Dipole)(Debye),7.962741026970612,,
Tot(Electric Dipole)(SI),26.560831507682963,,
"Alpha(0;0)
",A7_property_B3LYP_def2-TZVP_solvent.log,Dipole Orientation, 
Tot(Alpha)(au),1237.68,,
Tot(Alpha)(Debye),1237.68,,
Tot(Alpha)(SI),1237.68,,
"Alpha(-w;w)
",A7_property_B3LYP_def2-TZVP_solvent.log,Dipole Orientation, 
Tot(Alpha)(au),1072.4080000000001,,
Tot(Alpha)(Debye),1072.4080000000001,,
Tot(Alpha)(SI),1072.4080000000001,,
"EletricDipole
",A7_property_B3LYP_def2-TZVP_solvent.log,Dipole Orientation, 
Tot(Electric Dipole)(au),3.13278,,
Tot(Electric Dipole)(Debye),7.96274,,
Tot(Electric Dipole)(SI),26.5609,,
"Alpha(0;0)
",A7_property_B3LYP_def2-TZVP_solvent.log,Dipole Orientation, 
Tot(Alpha)(au),1237.68,,
Tot(Alpha)(Debye),1237.68,,
Tot(Alpha)(SI),1237.68,,
"Alpha(-w;w)
",A7_property_B3LYP_def2-TZVP_solvent.log,Dipole Orientation, 
Tot(Alpha)(au),1072.411,,
Tot(Alpha)(Debye),1072.411,,
Tot(Alpha)(SI),1072.411,,
"Beta(-2w;w,w)
",SQ01_Polar_Cam-B3LYP_6-31+G_d-p_IEF-PCM.log,Dipole Orientation, 
Tot(t)(au),13613.960895534978,Top(b)(au),6806.980447767489
Tot(t)(esu),117.61388307066474,Top(b)(esu),58.80694153533237
Tot(t)(SI),43.65139580791076,Top(b)(SI),21.82569790395538
"EletricDipole
",SQ01_Polar_Cam-B3LYP_6-31+G_d-p_IEF-PCM.log,Dipole Orientation, 
Tot(Electric Dipole)(au),1.0470594438827292,,
Tot(Electric Dipole)(Debye),2.661360760306652,,
Tot(Electric Dipole)(SI),8.877355789193311,,
"Alpha(0;0)
",SQ01_Polar_Cam-B3LYP_6-31+G_d-p_IEF-PCM.log,Dipole Orientation, 
Tot(Alpha)(au),320.923,,
Tot(Alpha)(Debye),320.923,,
Tot(Alpha)(SI),320.923,,
"Alpha(0;0)
",SQ01_Polar_Cam-B3LYP_6-31+G_d-p_IEF-PCM.log,Dipole Orientation, 
Tot(Alpha)(au),320.923,,
Tot(Alpha)(Debye),320.923,,
Tot(Alpha)(SI),320.923,,
"Alpha(-w;w)
",SQ01_Polar_Cam-B3LYP_6-31+G_d-p_IEF-PCM.log,Dipole Orientation, 
Tot(Alpha)(au),295.9153333333333,,
Tot(Alpha)(Debye),295.9153333333333,,
Tot(Alpha)(SI),295.9153333333333,,
"Beta(-2w;w,w)
",SQ01_Polar_Cam-B3LYP_6-31+G_d-p_IEF-PCM.log,Dipole Orientation, 
Tot(t)(au),13613.947751049292,Top(b)(au),6806.973875524646
Tot(t)(esu),117.61388786565797,Top(b)(esu),58.806943932828986
Tot(t)(SI),43.651294904695675,Top(b)(SI),21.825647452347837
"EletricDipole
",SQ01_Polar_Cam-B3LYP_6-31+G_d-p_IEF-PCM.log,Dipole Orientation, 
Tot(Electric Dipole)(au),1.04706,,
Tot(Electric Dipole)(Debye),2.66137,,
Tot(Electric Dipole)(SI),8.87736,,
"Alpha(0;0)
",SQ01_Polar_Cam-B3LYP_6-31+G_d-p_IEF-PCM.log,Dipole Orientation, 
Tot(Alpha)(au),320.92333333333335,,
Tot(Alpha)(Debye),320.92333333333335,,
Tot(Alpha)(SI),320.92333333333335,,
"Alpha(0;0)
",SQ01_Polar_Cam-B3LYP_6-31+G_d-p_IEF-PCM.log,Dipole Orientation, 
Tot(Alpha)(au),320.92333333333335,,
Tot(Alpha)(Debye),320.92333333333335,,
Tot(Alpha)(SI),320.92333333333335,,
"Alpha(-w;w)
",SQ01_Polar_Cam-B3LYP_6-31+G_d-p_IEF-PCM.log,Dipole Orientation, 
Tot(Alpha)(au),295.91566666666665,,
Tot(Alpha)(Debye),295.91566666666665,,
Tot(Alpha)(SI),295.91566666666665,,
"EletricDipole
",A7_property_B3LYP_def2-TZVP_solvent.log,Dipole Orientation, 
Tot(Electric Dipole)(au),3.1327844825823625,,
Tot(Electric Dipole)(Debye),7.962741026970612,,
Tot(Electric Dipole)(SI),26.560831507682963,,
"Alpha(0;0)
",A7_property_B3LYP_def2-TZVP_solvent.log,Dipole Orientation, 
Tot(Alpha)(au),1237.68,,
Tot(Alpha)(Debye),1237.68,,
Tot(Alpha)(SI),1237.68,,
"Alpha(-w;w)
",A7_property_B3LYP_def2-TZVP_solvent.log,Dipole Orientation, 
Tot(Alpha)(au),1072.4080000000001,,
Tot(Alpha)(Debye),1072.4080000000001,,
Tot(Alpha)(SI),1072.4080000000001,,
"EletricDipole
",A7_property_B3LYP_def2-TZVP_solvent.log,Dipole Orientation, 
Tot(Electric Dipole)(au),3.13278,,
Tot(Electric Dipole)(Debye),7.96274,,
Tot(Electric Dipole)(SI),26.5609,,
"Alpha(0;0)
",A7_property_B3LYP_def2-TZVP_solvent.log,Dipole Orientation, 
Tot(Alpha)(au),1237.68,,
Tot(Alpha)(Debye),1237.68,,
Tot(Alpha)(SI),1237.68,,
"Alpha(-w;w)
",A7_property_B3LYP_def2-TZVP_solvent.log,Dipole Orientation, 
Tot(Alpha)(au),1072.411,,
Tot(Alpha)(Debye),1072.411,,
Tot(Alpha)(SI),1072.411,,
