"Gamma(-2w;w,w,0) w=  432.0nm:",ferro_pbe0_polar.log,Dipole Orientation, 
Tot(Gamma)(esu)(T),129.30513166666665,,
xxxx (esu),0.317706E+02,,
yyyy (esu),0.249898E+03,,
zzzz (esu),0.188971E+02,,
xyxy (esu),0.774596E+01,,
xzxz (esu),0.319087E+02,,
yzyz (esu),0.504013E+02,,
yyxx (esu),0.663809E+02,,
zzxx (esu),0.223211E+02,,
zzyy (esu),-0.177205E+02,,
xyyx (esu),0.383672E+02,,
xzzx (esu),-0.280699E+02,,
yxxy (esu),0.680132E+02,,
yzzy (esu),0.393616E+02,,
zxxz (esu),-0.328549E+02,,
zyyz (esu),0.483177E+01,,
