"Beta(-w;w,0) w= 1907.0nm:",BLYP.log,Input Orientation, 
Tot(Beta)(esu)(B),1430.5319342892858,,
x (esu),0.773421E+03,,
y (esu),0.202399E+02,,
z (esu),0.422128E+04,,
"Beta(-w;w,0) w= 1907.0nm:",BLYP.log,Input Orientation, 
Tot(Beta)(esu)(B),1430.5319342892858,,
x (esu),0.773421E+03,,
y (esu),0.202399E+02,,
z (esu),0.422128E+04,,
"Beta(-w;w,0) w= 1907.0nm:",BLYP.log,Input Orientation, 
Tot(Beta)(esu)(B),1430.5319342892858,,
x (esu),0.773421E+03,,
y (esu),0.202399E+02,,
z (esu),0.422128E+04,,
