"Beta(-2w;w,w) w= 1907.0nm:",BLYP.log,Input Orientation, 
Tot(Beta)(esu)(T),4399.264759632647,,
x (esu),0.475659E+04,,
y (esu),0.948683E+02,,
z (esu),0.259633E+05,,
"Beta(-2w;w,w) w= 1907.0nm:",BLYP.log,Input Orientation, 
Tot(Beta)(esu)(B),8798.529519265294,,
x (esu),0.475659E+04,,
y (esu),0.948683E+02,,
z (esu),0.259633E+05,,
"Beta(-2w;w,w) w= 1907.0nm:",BLYP.log,Input Orientation, 
Tot(Beta)(esu)(B),8798.529519265294,,
x (esu),0.475659E+04,,
y (esu),0.948683E+02,,
z (esu),0.259633E+05,,
