"Beta(-2w;w,w) w= 1907.0nm:",pNA_g09-D01_gama.log,Dipole Orientation, 
Tot(Beta HRS)(esu)(T),11.776151240396837,,
xxx (esu),-0.421070E-01,,
yxx (esu),0.261185E-01,,
zxx (esu),0.583499E+00,,
xyx (esu),0.284834E-01,,
yyx (esu),-0.925840E-01,,
zyx (esu),-0.421472E+00,,
xyy (esu),-0.106818E+00,,
yyy (esu),-0.512666E-01,,
zyy (esu),0.305407E+01,,
xzx (esu),0.530212E+00,,
yzx (esu),-0.379616E+00,,
zzx (esu),0.158253E+01,,
xzy (esu),-0.379614E+00,,
yzy (esu),0.275561E+01,,
zzy (esu),0.260823E+00,,
xzz (esu),0.157463E+01,,
yzz (esu),0.259709E+00,,
zzz (esu),-0.296444E+02,,
