"Gamma(-2w;w,w,0) w= 1907.0nm:",pNA_g09-D01_beta.log,Dipole Orientation, 
Tot(Gamma)(esu)(T),-2.037005166666667,,
xxxx (esu),0.853304E+00,,
yyyy (esu),0.590510E+01,,
zzzz (esu),-0.720441E+00,,
xyxy (esu),0.103758E+01,,
xzxz (esu),-0.178733E+00,,
yzyz (esu),-0.377017E+01,,
yyxx (esu),0.998264E+00,,
zzxx (esu),-0.252597E+00,,
zzyy (esu),-0.370481E+01,,
xyyx (esu),0.998655E+00,,
xzzx (esu),-0.302436E+00,,
yxxy (esu),0.104886E+01,,
yzzy (esu),-0.469519E+01,,
zxxz (esu),-0.381449E+00,,
zyyz (esu),-0.489411E+01,,
"Gamma(-2w;w,w,0) w= 1907.0nm:",pNA_g09-D01_gama.log,Dipole Orientation, 
Tot(Gamma)(esu)(T),-2.037005166666667,,
xxxx (esu),0.853304E+00,,
yyyy (esu),0.590510E+01,,
zzzz (esu),-0.720441E+00,,
xyxy (esu),0.103758E+01,,
xzxz (esu),-0.178733E+00,,
yzyz (esu),-0.377017E+01,,
yyxx (esu),0.998264E+00,,
zzxx (esu),-0.252597E+00,,
zzyy (esu),-0.370481E+01,,
xyyx (esu),0.998655E+00,,
xzzx (esu),-0.302436E+00,,
yxxy (esu),0.104886E+01,,
yzzy (esu),-0.469519E+01,,
zxxz (esu),-0.381449E+00,,
zyyz (esu),-0.489411E+01,,
