"Gamma(-w;w,0,0) w= 1907.0nm:",pNA_g09-D01_beta.log,Dipole Orientation, 
Tot(Gamma)(esu)(T),-654.4521966666667,,
xxxx (esu),0.102083E+01,,
yyyy (esu),0.692055E+01,,
zzzz (esu),0.623060E+01,,
xxyy (esu),0.121949E+01,,
yyxx (esu),0.111388E+01,,
xxzz (esu),-0.435662E+00,,
zzxx (esu),-0.485588E+00,,
yyzz (esu),-0.503919E+01,,
zzyy (esu),-0.485752E+01,,
"Gamma(-w;w,0,0) w= 1907.0nm:",pNA_g09-D01_gama.log,Dipole Orientation, 
Tot(Gamma)(esu)(T),-654.4521966666667,,
xxxx (esu),0.102083E+01,,
yyyy (esu),0.692055E+01,,
zzzz (esu),0.623060E+01,,
xxyy (esu),0.121949E+01,,
yyxx (esu),0.111388E+01,,
xxzz (esu),-0.435662E+00,,
zzxx (esu),-0.485588E+00,,
yyzz (esu),-0.503919E+01,,
zzyy (esu),-0.485752E+01,,
