"Gamma(0;0,0,0):",pNA_g09-D01_beta.log,Dipole Orientation, 
Tot(Gamma)(esu)(T),1.2655393999999998,,
xxxx (esu),0.142536E+01,,
yyyy (esu),0.994527E+01,,
zzzz (esu),0.386222E+02,,
xxyy (esu),0.169873E+01,,
xxzz (esu),-0.504754E+00,,
yyzz (esu),-0.720730E+01,,
"Gamma(0;0,0,0):",pNA_g09-D01_gama.log,Dipole Orientation, 
Tot(Gamma)(esu)(T),1.2655393999999998,,
xxxx (esu),0.142536E+01,,
yyyy (esu),0.994527E+01,,
zzzz (esu),0.386222E+02,,
xxyy (esu),0.169873E+01,,
xxzz (esu),-0.504754E+00,,
yyzz (esu),-0.720730E+01,,
