Alpha(0;0):,pNA_g16-C01_gama.log,Dipole Orientation, 
Tot(Alpha)(esu),22.441766666666666,,
xx (esu),0.100529E+02,,
yy (esu),0.188712E+02,,
zz (esu),0.384012E+02,,
Alpha(0;0):,pNA_g16-C01_gama.log,Dipole Orientation, 
Tot(Alpha)(esu),22.441766666666666,,
xx (esu),0.100529E+02,,
yy (esu),0.188712E+02,,
zz (esu),0.384012E+02,,
Alpha(0;0):,pNA_g16-C01_beta.log,Dipole Orientation, 
Tot(Alpha)(esu),22.441699999999997,,
xx (esu),0.100525E+02,,
yy (esu),0.188711E+02,,
zz (esu),0.384015E+02,,
Alpha(0;0):,pNA_g16-C01_beta.log,Dipole Orientation, 
Tot(Alpha)(esu),22.441699999999997,,
xx (esu),0.100525E+02,,
yy (esu),0.188711E+02,,
zz (esu),0.384015E+02,,
Alpha(0;0):,pNA_g16-C01_beta-static.log,Dipole Orientation, 
Tot(Alpha)(esu),22.4426,,
xx (esu),0.100530E+02,,
yy (esu),0.188718E+02,,
zz (esu),0.384030E+02,,
