"Beta(-2w;w,w) w= 1907.0nm:",pNA_g16-C01_gama.log,Dipole Orientation, 
Tot(Beta HRS)(esu)(T),11.872251642836709,,
xxx (esu),-0.398457E-01,,
yxx (esu),0.267576E-01,,
zxx (esu),0.565305E+00,,
xyx (esu),0.291343E-01,,
yyx (esu),-0.932370E-01,,
zyx (esu),-0.425665E+00,,
xyy (esu),-0.107542E+00,,
yyy (esu),-0.516392E-01,,
zyy (esu),0.306047E+01,,
xzx (esu),0.513478E+00,,
yzx (esu),-0.383320E+00,,
zzx (esu),0.159735E+01,,
xzy (esu),-0.383318E+00,,
yzy (esu),0.276059E+01,,
zzy (esu),0.263289E+00,,
xzz (esu),0.158905E+01,,
yzz (esu),0.262111E+00,,
zzz (esu),-0.298727E+02,,
