"Beta(0;0,0):",pNA_g16-C01_gama.log,Dipole Orientation, 
Tot(Beta)(esu)(T),22.49073039694971,,
x (esu),0.732576E+01,,
y (esu),0.120498E+01,,
z (esu),-0.134740E+03,,
"Beta(0;0,0):",pNA_g16-C01_gama.log,Dipole Orientation, 
Tot(Beta)(esu)(T),22.49073039694971,,
x (esu),0.732576E+01,,
y (esu),0.120498E+01,,
z (esu),-0.134740E+03,,
"Beta(0;0,0):",pNA_g16-C01_beta.log,Dipole Orientation, 
Tot(Beta)(esu)(T),22.489559995353524,,
x (esu),0.732517E+01,,
y (esu),0.120487E+01,,
z (esu),-0.134733E+03,,
"Beta(0;0,0):",pNA_g16-C01_beta.log,Dipole Orientation, 
Tot(Beta)(esu)(T),22.489559995353524,,
x (esu),0.732517E+01,,
y (esu),0.120487E+01,,
z (esu),-0.134733E+03,,
"Beta(0;0,0):",pNA_g16-C01_beta-static.log,Dipole Orientation, 
Tot(Beta)(esu)(T),22.469187602274175,,
x (esu),0.731390E+01,,
y (esu),0.122623E+01,,
z (esu),-0.134611E+03,,
