Electric dipole moment ,pNA_g16-C01_gama.log,Dipole Orientation, 
Tot(Electric Dipole)(Debye),12.5596,,
x (Debye),0.000000E+00,,
y (Debye),0.000000E+00,,
z (Debye),0.125596E+02,,
Electric dipole moment ,pNA_g16-C01_beta.log,Dipole Orientation, 
Tot(Electric Dipole)(Debye),12.5596,,
x (Debye),0.000000E+00,,
y (Debye),0.000000E+00,,
z (Debye),0.125596E+02,,
Electric dipole moment ,pNA_g16-C01_beta-static.log,Dipole Orientation, 
Tot(Electric Dipole)(Debye),12.5596,,
x (Debye),0.000000E+00,,
y (Debye),0.000000E+00,,
z (Debye),0.125596E+02,,
