"Gamma(-2w;w,w,0) w= 1907.0nm:",pNA_g16-C01_gama.log,Dipole Orientation, 
Tot(Gamma)(esu)(T),-2.1398665,,
xxxx (esu),0.812301E+00,,
yyyy (esu),0.581131E+01,,
zzzz (esu),-0.487839E+00,,
xyxy (esu),0.100788E+01,,
xzxz (esu),-0.175225E+00,,
yzyz (esu),-0.383396E+01,,
yyxx (esu),0.972148E+00,,
zzxx (esu),-0.284797E+00,,
zzyy (esu),-0.376533E+01,,
xyyx (esu),0.972919E+00,,
xzzx (esu),-0.333592E+00,,
yxxy (esu),0.101855E+01,,
yzzy (esu),-0.476120E+01,,
zxxz (esu),-0.373212E+00,,
zyyz (esu),-0.496447E+01,,
